timestamp,smart_plug,temperature,humidity,occupancy
2025-03-01 00:00:00,143.64,22.82,56.17,True
2025-03-01 01:00:00,287.68,23.76,36.08,False
2025-03-01 02:00:00,233.0,25.53,47.61,False
2025-03-01 03:00:00,199.66,28.48,54.61,True
2025-03-01 04:00:00,89.0,29.81,33.34,False
2025-03-01 05:00:00,89.0,27.22,65.3,True
2025-03-01 06:00:00,64.52,23.01,62.14,True
2025-03-01 07:00:00,266.54,23.06,50.21,True
2025-03-01 08:00:00,200.28,26.85,68.69,False
2025-03-01 09:00:00,227.02,20.87,46.71,False
2025-03-01 10:00:00,55.15,19.33,69.36,True
2025-03-01 11:00:00,292.48,22.26,56.72,False
2025-03-01 12:00:00,258.11,21.45,55.39,True
2025-03-01 13:00:00,103.08,21.56,36.64,True
2025-03-01 14:00:00,95.46,20.8,65.28,True
2025-03-01 15:00:00,95.85,18.51,47.1,True
2025-03-01 16:00:00,126.06,18.21,36.49,False
2025-03-01 17:00:00,181.19,29.85,30.5,True
2025-03-01 18:00:00,157.99,23.13,52.39,True
2025-03-01 19:00:00,122.81,22.61,51.1,False
2025-03-01 20:00:00,202.96,26.16,58.77,True
2025-03-01 21:00:00,84.87,20.62,65.61,True
2025-03-01 22:00:00,123.04,29.4,33.18,False
2025-03-01 23:00:00,141.59,27.44,59.26,False
2025-03-02 00:00:00,164.02,19.07,37.5,False
2025-03-02 01:00:00,246.29,23.01,64.33,True
2025-03-02 02:00:00,99.92,28.55,62.76,False
2025-03-02 03:00:00,178.56,29.34,51.63,False
2025-03-02 04:00:00,198.1,23.61,58.41,True
2025-03-02 05:00:00,61.61,25.36,42.57,True
2025-03-02 06:00:00,201.89,20.0,48.85,True
2025-03-02 07:00:00,92.63,29.89,62.87,True
2025-03-02 08:00:00,66.26,20.78,48.37,True
2025-03-02 09:00:00,287.22,29.31,44.31,False
2025-03-02 10:00:00,291.41,25.8,49.77,False
2025-03-02 11:00:00,252.1,25.29,63.13,False
2025-03-02 12:00:00,126.15,24.15,43.41,True
2025-03-02 13:00:00,74.42,20.77,36.95,True
2025-03-02 14:00:00,221.06,20.12,58.48,True
2025-03-02 15:00:00,160.04,20.65,63.04,False
2025-03-02 16:00:00,80.51,20.24,34.03,False
2025-03-02 17:00:00,173.79,27.36,39.59,True
2025-03-02 18:00:00,58.6,22.2,35.68,False
2025-03-02 19:00:00,277.33,18.69,43.92,True
2025-03-02 20:00:00,114.69,29.63,48.01,False
2025-03-02 21:00:00,215.63,28.61,59.95,False
2025-03-02 22:00:00,127.93,29.13,56.05,False
2025-03-02 23:00:00,180.02,29.94,54.84,True
2025-03-03 00:00:00,186.68,20.09,44.09,False
2025-03-03 01:00:00,96.21,22.75,63.66,False
2025-03-03 02:00:00,292.4,27.1,48.85,True
2025-03-03 03:00:00,243.78,26.35,69.16,False
2025-03-03 04:00:00,284.87,19.85,55.37,True
2025-03-03 05:00:00,273.71,27.79,35.05,True
2025-03-03 06:00:00,199.47,20.69,57.05,True
2025-03-03 07:00:00,280.47,20.69,43.0,True
2025-03-03 08:00:00,72.12,24.44,57.45,True
2025-03-03 09:00:00,99.0,25.12,32.79,False
2025-03-03 10:00:00,61.31,24.96,37.0,True
2025-03-03 11:00:00,131.33,19.1,64.23,True
2025-03-03 12:00:00,147.17,28.53,39.09,True
2025-03-03 13:00:00,117.84,21.19,63.48,True
2025-03-03 14:00:00,257.18,19.55,41.17,False
2025-03-03 15:00:00,139.19,28.66,55.72,True
2025-03-03 16:00:00,120.23,29.47,57.77,False
2025-03-03 17:00:00,185.67,28.35,50.51,True
2025-03-03 18:00:00,85.23,27.71,42.21,False
2025-03-03 19:00:00,250.55,25.86,38.51,True
2025-03-03 20:00:00,68.64,24.61,31.33,True
2025-03-03 21:00:00,296.72,19.04,42.16,False
2025-03-03 22:00:00,243.06,22.9,56.13,True
2025-03-03 23:00:00,99.68,22.47,67.53,False
2025-03-04 00:00:00,51.38,21.12,64.85,True
2025-03-04 01:00:00,253.87,26.68,60.64,False
2025-03-04 02:00:00,226.71,23.95,61.54,True
2025-03-04 03:00:00,232.25,18.97,56.6,True
2025-03-04 04:00:00,242.82,20.64,40.41,False
2025-03-04 05:00:00,68.51,26.2,66.29,True
2025-03-04 06:00:00,139.62,18.91,56.83,True
2025-03-04 07:00:00,78.97,28.21,52.42,True
2025-03-04 08:00:00,265.78,23.94,34.44,True
2025-03-04 09:00:00,205.82,23.77,47.88,True
2025-03-04 10:00:00,132.72,25.11,48.41,True
2025-03-04 11:00:00,65.89,27.9,64.58,False
2025-03-04 12:00:00,127.75,22.17,51.87,False
2025-03-04 13:00:00,131.3,26.14,45.22,False
2025-03-04 14:00:00,232.4,24.79,69.07,True
2025-03-04 15:00:00,209.39,21.2,34.43,False
2025-03-04 16:00:00,271.8,28.54,46.9,True
2025-03-04 17:00:00,168.05,27.57,31.68,True
2025-03-04 18:00:00,79.9,25.9,59.6,True
2025-03-04 19:00:00,228.31,28.21,66.72,True
2025-03-04 20:00:00,240.2,28.41,41.2,False
2025-03-04 21:00:00,190.32,26.5,64.33,True
2025-03-04 22:00:00,242.74,28.04,41.69,False
2025-03-04 23:00:00,173.45,26.37,66.43,True
2025-03-05 00:00:00,180.68,26.16,60.16,False
2025-03-05 01:00:00,156.89,25.42,62.2,False
2025-03-05 02:00:00,56.35,27.03,30.72,False
2025-03-05 03:00:00,76.97,19.9,68.51,False
2025-03-05 04:00:00,57.86,28.57,59.07,False
2025-03-05 05:00:00,209.1,28.46,42.19,False
2025-03-05 06:00:00,128.59,18.35,63.18,True
2025-03-05 07:00:00,177.14,27.91,41.26,False
2025-03-05 08:00:00,276.89,19.55,64.91,True
2025-03-05 09:00:00,112.32,22.02,34.5,False
2025-03-05 10:00:00,152.6,26.92,58.15,True
2025-03-05 11:00:00,238.89,19.93,51.63,False
2025-03-05 12:00:00,107.2,27.82,33.86,False
2025-03-05 13:00:00,69.24,27.99,39.68,True
2025-03-05 14:00:00,122.44,24.09,30.5,False
2025-03-05 15:00:00,90.31,18.08,48.75,False
2025-03-05 16:00:00,282.42,21.44,42.05,False
2025-03-05 17:00:00,252.03,25.4,53.93,True
2025-03-05 18:00:00,208.35,29.77,41.89,False
2025-03-05 19:00:00,267.87,25.58,42.0,True
2025-03-05 20:00:00,250.92,21.12,59.73,False
2025-03-05 21:00:00,96.64,25.61,31.93,False
2025-03-05 22:00:00,273.14,24.48,66.12,True
2025-03-05 23:00:00,184.84,27.36,64.09,False
2025-03-06 00:00:00,251.86,19.28,56.71,False
2025-03-06 01:00:00,274.02,27.13,53.73,True
2025-03-06 02:00:00,129.5,24.5,65.69,False
2025-03-06 03:00:00,77.51,29.56,37.41,True
2025-03-06 04:00:00,106.98,22.1,33.16,True
2025-03-06 05:00:00,156.78,25.59,39.58,True
2025-03-06 06:00:00,254.5,29.18,61.78,False
2025-03-06 07:00:00,265.18,19.23,31.39,True
2025-03-06 08:00:00,51.74,29.25,53.31,True
2025-03-06 09:00:00,177.69,26.25,69.82,False
2025-03-06 10:00:00,154.35,18.81,64.23,True
2025-03-06 11:00:00,105.53,21.61,50.86,False
2025-03-06 12:00:00,79.97,26.5,32.55,False
2025-03-06 13:00:00,134.4,18.81,63.25,False
2025-03-06 14:00:00,285.73,24.99,53.96,False
2025-03-06 15:00:00,130.8,22.15,34.6,True
2025-03-06 16:00:00,179.7,25.45,33.75,True
2025-03-06 17:00:00,225.75,18.55,66.39,True
2025-03-06 18:00:00,140.91,28.46,56.77,True
2025-03-06 19:00:00,292.95,29.68,63.17,True
2025-03-06 20:00:00,290.61,29.63,65.16,False
2025-03-06 21:00:00,112.95,27.0,52.87,True
2025-03-06 22:00:00,174.31,19.56,50.7,True
2025-03-06 23:00:00,125.22,27.1,47.22,True
2025-03-07 00:00:00,121.21,18.3,42.68,False
2025-03-07 01:00:00,59.22,18.27,47.38,False
2025-03-07 02:00:00,202.39,21.88,60.96,True
2025-03-07 03:00:00,175.67,23.86,54.08,False
2025-03-07 04:00:00,62.87,27.24,65.7,True
2025-03-07 05:00:00,119.66,26.2,47.74,True
2025-03-07 06:00:00,277.07,23.35,54.28,False
2025-03-07 07:00:00,109.89,21.28,55.25,False
2025-03-07 08:00:00,86.22,29.97,53.67,True
2025-03-07 09:00:00,172.36,23.11,58.11,True
2025-03-07 10:00:00,296.41,23.42,39.5,False
2025-03-07 11:00:00,110.51,19.96,50.49,True
2025-03-07 12:00:00,218.03,27.54,34.17,False
2025-03-07 13:00:00,240.4,26.32,45.38,True
2025-03-07 14:00:00,109.41,20.65,49.51,False
2025-03-07 15:00:00,232.05,18.99,56.09,True
2025-03-07 16:00:00,141.95,26.17,68.02,True
2025-03-07 17:00:00,208.08,25.85,54.03,False
2025-03-07 18:00:00,208.38,21.28,59.74,True
2025-03-07 19:00:00,183.94,29.41,50.25,True
2025-03-07 20:00:00,72.57,19.81,55.36,False
2025-03-07 21:00:00,258.83,23.19,32.84,True
2025-03-07 22:00:00,130.2,29.32,40.18,True
2025-03-07 23:00:00,96.63,23.04,44.47,True
2025-03-08 00:00:00,60.19,25.66,48.9,False
2025-03-08 01:00:00,197.72,22.77,31.83,False
2025-03-08 02:00:00,219.39,21.29,35.6,False
2025-03-08 03:00:00,54.15,29.81,41.07,True
2025-03-08 04:00:00,178.02,22.91,68.86,True
2025-03-08 05:00:00,106.62,28.73,43.25,True
2025-03-08 06:00:00,211.29,20.76,49.28,True
2025-03-08 07:00:00,93.59,20.56,37.84,False
2025-03-08 08:00:00,222.73,18.37,54.43,True
2025-03-08 09:00:00,146.68,25.82,41.23,True
2025-03-08 10:00:00,284.18,22.42,38.28,True
2025-03-08 11:00:00,84.38,28.37,50.66,False
2025-03-08 12:00:00,135.27,23.68,30.22,True
2025-03-08 13:00:00,78.37,29.62,30.31,True
2025-03-08 14:00:00,281.17,20.23,38.76,True
2025-03-08 15:00:00,269.33,28.42,31.47,True
2025-03-08 16:00:00,114.49,27.32,34.32,True
2025-03-08 17:00:00,215.0,27.25,43.55,False
2025-03-08 18:00:00,254.31,28.14,62.1,True
2025-03-08 19:00:00,188.8,27.13,52.88,True
2025-03-08 20:00:00,182.41,25.51,50.51,True
2025-03-08 21:00:00,110.46,19.57,41.74,True
2025-03-08 22:00:00,73.28,18.39,67.27,True
2025-03-08 23:00:00,274.3,29.05,45.88,True
2025-03-09 00:00:00,275.1,25.4,33.48,True
2025-03-09 01:00:00,208.28,27.56,54.68,True
2025-03-09 02:00:00,134.76,23.78,34.55,True
2025-03-09 03:00:00,137.3,19.41,43.81,True
2025-03-09 04:00:00,231.49,19.5,50.3,False
2025-03-09 05:00:00,274.28,26.23,64.97,False
2025-03-09 06:00:00,271.77,23.16,49.74,False
2025-03-09 07:00:00,244.97,20.41,58.09,False
2025-03-09 08:00:00,210.51,23.9,69.71,True
2025-03-09 09:00:00,71.03,18.77,35.26,False
2025-03-09 10:00:00,90.41,24.98,40.99,False
2025-03-09 11:00:00,274.64,21.23,45.78,True
2025-03-09 12:00:00,201.61,27.57,46.87,False
2025-03-09 13:00:00,52.3,21.72,46.44,False
2025-03-09 14:00:00,75.37,23.46,66.3,True
2025-03-09 15:00:00,215.88,18.14,58.56,True
2025-03-09 16:00:00,51.27,18.87,54.32,True
2025-03-09 17:00:00,90.2,22.71,42.37,False
2025-03-09 18:00:00,187.18,23.76,62.95,False
2025-03-09 19:00:00,222.97,25.2,68.2,True
2025-03-09 20:00:00,212.99,21.5,62.85,True
2025-03-09 21:00:00,106.07,26.34,30.06,False
2025-03-09 22:00:00,228.04,28.32,55.46,True
2025-03-09 23:00:00,109.31,27.36,32.05,False
2025-03-10 00:00:00,131.35,18.48,40.3,True
2025-03-10 01:00:00,236.62,23.77,32.38,True
2025-03-10 02:00:00,212.41,19.26,54.15,False
2025-03-10 03:00:00,262.31,20.9,57.46,True
2025-03-10 04:00:00,214.4,29.84,34.58,True
2025-03-10 05:00:00,192.08,19.71,45.35,True
2025-03-10 06:00:00,73.42,23.99,48.25,False
2025-03-10 07:00:00,141.93,25.42,44.76,True
2025-03-10 08:00:00,116.3,26.43,34.84,True
2025-03-10 09:00:00,111.0,24.72,46.76,True
2025-03-10 10:00:00,293.25,18.12,60.05,True
2025-03-10 11:00:00,148.27,21.92,32.84,True
2025-03-10 12:00:00,273.01,24.21,33.21,True
2025-03-10 13:00:00,207.78,19.05,44.19,False
2025-03-10 14:00:00,248.7,22.21,67.67,False
2025-03-10 15:00:00,175.66,18.4,56.74,True
2025-03-10 16:00:00,194.23,18.94,57.15,False
2025-03-10 17:00:00,173.13,22.76,44.48,False
2025-03-10 18:00:00,98.81,19.59,53.75,True
2025-03-10 19:00:00,230.61,24.81,30.41,False
2025-03-10 20:00:00,120.19,26.27,55.44,False
2025-03-10 21:00:00,56.08,27.61,66.53,False
2025-03-10 22:00:00,211.37,20.4,54.5,False
2025-03-10 23:00:00,94.28,20.01,64.95,False
2025-03-11 00:00:00,285.11,19.25,58.96,False
2025-03-11 01:00:00,288.48,25.64,34.82,False
2025-03-11 02:00:00,278.72,26.48,66.1,False
2025-03-11 03:00:00,142.54,18.38,32.66,True
2025-03-11 04:00:00,53.86,29.23,51.36,True
2025-03-11 05:00:00,282.08,18.62,35.69,False
2025-03-11 06:00:00,157.05,24.5,30.47,False
2025-03-11 07:00:00,291.66,26.51,46.88,True
2025-03-11 08:00:00,290.9,28.45,41.8,False
2025-03-11 09:00:00,263.25,26.57,49.44,False
2025-03-11 10:00:00,123.61,27.62,53.09,True
2025-03-11 11:00:00,146.27,22.07,31.75,True
2025-03-11 12:00:00,262.78,27.78,34.92,True
2025-03-11 13:00:00,129.23,18.96,52.35,False
2025-03-11 14:00:00,92.37,28.74,43.73,False
2025-03-11 15:00:00,189.2,24.57,59.17,True
2025-03-11 16:00:00,284.04,27.81,56.09,True
2025-03-11 17:00:00,224.01,23.43,63.82,False
2025-03-11 18:00:00,192.52,25.72,57.7,True
2025-03-11 19:00:00,74.29,24.32,47.2,False
2025-03-11 20:00:00,203.75,26.78,56.92,False
2025-03-11 21:00:00,297.51,18.98,41.02,True
2025-03-11 22:00:00,85.02,18.72,42.25,True
2025-03-11 23:00:00,179.58,20.97,61.56,False
2025-03-12 00:00:00,269.34,19.91,47.86,True
2025-03-12 01:00:00,235.19,28.46,61.94,True
2025-03-12 02:00:00,224.25,20.63,62.9,True
2025-03-12 03:00:00,225.62,29.71,64.3,True
2025-03-12 04:00:00,139.87,22.04,66.67,False
2025-03-12 05:00:00,123.4,20.19,47.24,False
2025-03-12 06:00:00,252.34,27.48,42.75,False
2025-03-12 07:00:00,252.53,25.9,53.29,False
2025-03-12 08:00:00,266.77,23.98,44.85,True
2025-03-12 09:00:00,278.31,24.66,54.04,True
2025-03-12 10:00:00,177.84,26.63,58.22,False
2025-03-12 11:00:00,175.38,20.74,57.54,False
2025-03-12 12:00:00,249.57,29.96,44.98,True
2025-03-12 13:00:00,212.49,29.7,36.67,False
2025-03-12 14:00:00,225.49,25.8,47.22,False
2025-03-12 15:00:00,248.95,20.39,35.7,True
2025-03-12 16:00:00,272.5,26.16,65.6,False
2025-03-12 17:00:00,134.5,18.87,43.84,True
2025-03-12 18:00:00,143.9,18.37,36.18,True
2025-03-12 19:00:00,73.5,21.09,31.02,False
2025-03-12 20:00:00,194.57,23.55,55.83,True
2025-03-12 21:00:00,58.99,28.42,55.48,False
2025-03-12 22:00:00,166.4,26.73,43.62,True
2025-03-12 23:00:00,185.66,26.91,32.87,False
2025-03-13 00:00:00,121.64,23.11,46.39,False
2025-03-13 01:00:00,197.71,22.15,42.45,False
2025-03-13 02:00:00,57.63,22.45,57.08,True
2025-03-13 03:00:00,59.34,29.85,54.23,True
2025-03-13 04:00:00,255.65,18.48,44.58,False
2025-03-13 05:00:00,140.05,28.4,38.72,True
2025-03-13 06:00:00,81.77,24.94,69.52,False
2025-03-13 07:00:00,180.56,23.26,48.16,False
2025-03-13 08:00:00,242.5,26.7,57.53,True
2025-03-13 09:00:00,103.96,23.84,35.62,False
2025-03-13 10:00:00,205.72,28.48,49.42,True
2025-03-13 11:00:00,71.34,28.81,31.1,False
2025-03-13 12:00:00,62.92,23.06,50.22,True
2025-03-13 13:00:00,182.84,21.32,68.56,False
2025-03-13 14:00:00,185.16,25.11,45.37,False
2025-03-13 15:00:00,209.36,28.95,31.56,True
2025-03-13 16:00:00,231.52,20.53,31.24,False
2025-03-13 17:00:00,293.96,25.48,45.52,False
2025-03-13 18:00:00,179.08,25.58,36.4,True
2025-03-13 19:00:00,130.74,26.8,30.93,False
2025-03-13 20:00:00,248.8,19.58,60.25,True
2025-03-13 21:00:00,117.71,26.59,48.34,False
2025-03-13 22:00:00,159.74,28.91,41.57,True
2025-03-13 23:00:00,69.61,20.16,66.0,False
2025-03-14 00:00:00,56.34,20.85,34.65,False
2025-03-14 01:00:00,290.66,29.66,68.24,False
2025-03-14 02:00:00,259.0,20.17,42.56,True
2025-03-14 03:00:00,223.99,28.25,65.54,True
2025-03-14 04:00:00,152.24,23.91,54.12,True
2025-03-14 05:00:00,93.32,20.97,63.07,True
2025-03-14 06:00:00,89.11,28.45,69.36,False
2025-03-14 07:00:00,112.56,23.34,41.54,False
2025-03-14 08:00:00,187.31,24.18,68.45,True
2025-03-14 09:00:00,228.65,22.31,45.58,True
2025-03-14 10:00:00,215.05,25.12,45.42,True
2025-03-14 11:00:00,119.98,19.96,43.62,False
2025-03-14 12:00:00,288.72,22.69,51.66,True
2025-03-14 13:00:00,234.47,29.63,36.17,True
2025-03-14 14:00:00,188.59,21.1,52.15,False
2025-03-14 15:00:00,202.93,25.88,51.67,False
2025-03-14 16:00:00,154.9,21.9,60.48,True
2025-03-14 17:00:00,111.93,27.28,63.35,False
2025-03-14 18:00:00,138.99,19.57,47.62,True
2025-03-14 19:00:00,239.46,29.64,42.09,False
2025-03-14 20:00:00,53.6,23.45,40.37,True
2025-03-14 21:00:00,79.02,20.83,37.78,True
2025-03-14 22:00:00,61.5,18.88,32.31,True
2025-03-14 23:00:00,60.18,20.04,43.7,True
2025-03-15 00:00:00,263.87,24.24,40.81,False
2025-03-15 01:00:00,225.91,22.04,68.66,False
2025-03-15 02:00:00,168.54,27.95,52.31,False
2025-03-15 03:00:00,74.46,23.17,43.89,False
2025-03-15 04:00:00,172.9,20.98,53.22,True
2025-03-15 05:00:00,168.37,25.41,35.57,True
2025-03-15 06:00:00,93.3,26.48,47.76,False
2025-03-15 07:00:00,158.46,20.0,55.05,False
2025-03-15 08:00:00,149.63,20.01,49.56,False
2025-03-15 09:00:00,203.96,18.44,46.07,False
2025-03-15 10:00:00,208.77,26.84,69.75,False
2025-03-15 11:00:00,61.33,25.97,65.21,True
2025-03-15 12:00:00,143.65,23.7,54.94,True
2025-03-15 13:00:00,206.46,28.13,52.78,True
2025-03-15 14:00:00,175.78,27.67,54.83,False
2025-03-15 15:00:00,264.12,25.02,38.05,False
2025-03-15 16:00:00,214.67,28.42,45.81,False
2025-03-15 17:00:00,90.73,20.47,31.58,False
2025-03-15 18:00:00,67.64,19.34,49.02,True
2025-03-15 19:00:00,210.6,21.24,51.72,True
2025-03-15 20:00:00,56.63,18.69,39.11,False
2025-03-15 21:00:00,196.44,24.37,68.56,True
2025-03-15 22:00:00,285.06,29.24,66.38,True
2025-03-15 23:00:00,193.87,18.47,58.89,False
2025-03-16 00:00:00,147.04,19.47,51.34,False
2025-03-16 01:00:00,210.82,23.43,64.8,False
2025-03-16 02:00:00,164.56,29.21,35.23,False
2025-03-16 03:00:00,186.4,21.79,61.62,False
2025-03-16 04:00:00,285.37,24.09,34.99,False
2025-03-16 05:00:00,146.53,18.5,61.77,True
2025-03-16 06:00:00,290.3,19.78,41.03,True
2025-03-16 07:00:00,276.34,29.84,65.08,False
2025-03-16 08:00:00,98.95,29.58,67.76,True
2025-03-16 09:00:00,67.34,18.06,35.95,False
2025-03-16 10:00:00,75.19,29.42,48.51,False
2025-03-16 11:00:00,54.56,25.67,69.24,False
2025-03-16 12:00:00,73.61,28.42,49.34,False
2025-03-16 13:00:00,220.75,23.46,64.54,True
2025-03-16 14:00:00,67.8,24.19,53.55,False
2025-03-16 15:00:00,129.74,23.87,45.01,True
2025-03-16 16:00:00,261.22,26.0,41.43,False
2025-03-16 17:00:00,55.82,19.68,38.13,False
2025-03-16 18:00:00,253.62,18.36,60.47,False
2025-03-16 19:00:00,120.46,21.7,45.46,True
2025-03-16 20:00:00,79.54,26.46,50.45,False
2025-03-16 21:00:00,224.18,20.42,49.69,False
2025-03-16 22:00:00,207.24,26.08,53.09,False
2025-03-16 23:00:00,269.37,29.64,64.62,True
2025-03-17 00:00:00,233.77,19.13,69.23,True
2025-03-17 01:00:00,250.87,26.07,46.3,True
2025-03-17 02:00:00,120.51,23.33,63.1,False
2025-03-17 03:00:00,94.36,28.42,60.58,True
2025-03-17 04:00:00,237.65,20.13,52.94,False
2025-03-17 05:00:00,251.71,26.31,68.24,True
2025-03-17 06:00:00,297.63,28.06,38.02,True
2025-03-17 07:00:00,153.15,29.34,34.37,False
2025-03-17 08:00:00,143.0,26.2,64.16,True
2025-03-17 09:00:00,244.1,23.97,47.57,False
2025-03-17 10:00:00,135.2,25.41,63.88,False
2025-03-17 11:00:00,282.69,28.43,65.72,True
2025-03-17 12:00:00,264.6,24.85,32.5,False
2025-03-17 13:00:00,157.25,18.36,65.34,False
2025-03-17 14:00:00,237.72,29.17,47.93,True
2025-03-17 15:00:00,238.64,26.27,50.42,True
2025-03-17 16:00:00,75.78,26.12,55.06,False
2025-03-17 17:00:00,275.64,20.59,67.06,True
2025-03-17 18:00:00,176.31,25.91,30.76,False
2025-03-17 19:00:00,256.61,22.73,49.07,False
2025-03-17 20:00:00,130.01,25.81,57.51,True
2025-03-17 21:00:00,273.88,19.28,58.91,True
2025-03-17 22:00:00,147.3,25.89,57.7,True
2025-03-17 23:00:00,52.71,29.99,35.38,True
2025-03-18 00:00:00,276.35,18.58,41.98,False
2025-03-18 01:00:00,72.82,29.73,44.35,False
2025-03-18 02:00:00,129.83,22.88,62.18,True
2025-03-18 03:00:00,287.52,28.45,41.15,True
2025-03-18 04:00:00,287.65,27.39,38.43,False
2025-03-18 05:00:00,193.36,24.8,68.3,False
2025-03-18 06:00:00,207.96,26.86,30.35,False
2025-03-18 07:00:00,162.11,28.54,69.91,False
2025-03-18 08:00:00,123.3,22.85,57.07,True
2025-03-18 09:00:00,132.17,21.92,63.14,False
2025-03-18 10:00:00,218.13,26.01,41.78,False
2025-03-18 11:00:00,238.09,27.69,30.57,True
2025-03-18 12:00:00,247.89,27.15,59.51,False
2025-03-18 13:00:00,247.4,27.57,63.37,False
2025-03-18 14:00:00,72.8,23.23,59.62,True
2025-03-18 15:00:00,173.61,27.81,35.71,True
2025-03-18 16:00:00,64.39,19.44,60.14,True
2025-03-18 17:00:00,187.38,24.53,60.76,False
2025-03-18 18:00:00,160.38,18.07,56.34,False
2025-03-18 19:00:00,271.93,21.9,60.64,True
2025-03-18 20:00:00,137.73,22.4,63.84,True
2025-03-18 21:00:00,79.27,22.75,54.54,False
2025-03-18 22:00:00,85.75,26.35,33.54,True
2025-03-18 23:00:00,240.38,22.66,49.51,True
2025-03-19 00:00:00,204.55,23.38,33.11,True
2025-03-19 01:00:00,75.28,20.85,46.3,False
2025-03-19 02:00:00,71.03,22.48,46.28,False
2025-03-19 03:00:00,225.24,20.73,32.64,False
2025-03-19 04:00:00,68.19,18.88,43.95,False
2025-03-19 05:00:00,255.47,25.24,34.44,False
2025-03-19 06:00:00,226.56,26.02,62.33,False
2025-03-19 07:00:00,70.34,25.43,67.91,True
2025-03-19 08:00:00,71.21,23.56,32.89,False
2025-03-19 09:00:00,296.66,22.56,68.2,False
2025-03-19 10:00:00,143.57,28.36,50.9,True
2025-03-19 11:00:00,142.66,24.23,41.98,False
2025-03-19 12:00:00,253.2,23.75,33.07,False
2025-03-19 13:00:00,286.81,18.31,50.02,True
2025-03-19 14:00:00,296.5,22.09,61.78,True
2025-03-19 15:00:00,238.34,22.56,58.28,True
2025-03-19 16:00:00,144.06,22.79,32.01,False
2025-03-19 17:00:00,70.88,24.96,32.92,True
2025-03-19 18:00:00,244.29,24.4,46.11,False
2025-03-19 19:00:00,189.6,25.29,41.81,False
2025-03-19 20:00:00,156.06,27.18,39.3,False
2025-03-19 21:00:00,276.59,27.76,41.24,False
2025-03-19 22:00:00,77.8,26.62,62.14,True
2025-03-19 23:00:00,173.16,29.47,67.17,True
2025-03-20 00:00:00,52.84,18.22,46.2,False
2025-03-20 01:00:00,167.17,20.35,66.24,True
2025-03-20 02:00:00,64.08,18.09,42.86,False
2025-03-20 03:00:00,79.7,25.77,49.06,False
2025-03-20 04:00:00,79.38,28.78,39.04,False
2025-03-20 05:00:00,212.3,20.92,55.62,True
2025-03-20 06:00:00,236.51,29.12,69.16,False
2025-03-20 07:00:00,195.84,18.72,54.14,False
2025-03-20 08:00:00,290.54,29.21,44.31,True
2025-03-20 09:00:00,143.72,22.22,55.91,True
2025-03-20 10:00:00,121.43,19.22,34.92,True
2025-03-20 11:00:00,267.15,23.83,65.55,True
2025-03-20 12:00:00,105.9,21.08,50.12,False
2025-03-20 13:00:00,290.81,21.42,47.97,True
2025-03-20 14:00:00,53.04,21.69,53.43,False
2025-03-20 15:00:00,292.47,27.64,54.99,True
2025-03-20 16:00:00,60.79,24.47,32.87,True
2025-03-20 17:00:00,272.79,21.74,57.3,True
2025-03-20 18:00:00,181.93,25.32,39.68,True
2025-03-20 19:00:00,298.24,26.59,58.56,True
2025-03-20 20:00:00,68.45,21.27,62.9,True
2025-03-20 21:00:00,188.46,22.96,62.16,False
2025-03-20 22:00:00,292.33,19.46,52.1,True
2025-03-20 23:00:00,180.77,20.17,50.81,True
2025-03-21 00:00:00,207.35,26.17,35.72,True
2025-03-21 01:00:00,223.94,20.18,61.01,True
2025-03-21 02:00:00,163.64,24.3,40.86,False
2025-03-21 03:00:00,206.89,26.51,49.87,True
2025-03-21 04:00:00,196.08,19.28,41.37,True
2025-03-21 05:00:00,275.29,24.81,35.35,True
2025-03-21 06:00:00,61.36,21.08,55.18,True
2025-03-21 07:00:00,120.24,29.56,32.17,False
2025-03-21 08:00:00,287.6,23.8,59.95,True
2025-03-21 09:00:00,272.57,27.67,42.7,False
2025-03-21 10:00:00,163.91,24.6,30.01,True
2025-03-21 11:00:00,205.03,18.52,50.45,False
2025-03-21 12:00:00,119.35,25.6,31.87,False
2025-03-21 13:00:00,97.03,29.42,41.05,True
2025-03-21 14:00:00,165.92,25.22,58.28,True
2025-03-21 15:00:00,138.34,27.83,32.51,False
2025-03-21 16:00:00,195.91,28.61,63.57,False
2025-03-21 17:00:00,69.43,20.74,30.15,True
2025-03-21 18:00:00,293.6,20.54,39.87,False
2025-03-21 19:00:00,296.55,25.33,59.64,False
2025-03-21 20:00:00,224.54,22.93,42.65,False
2025-03-21 21:00:00,184.02,28.08,34.08,True
2025-03-21 22:00:00,127.38,28.8,44.41,False
2025-03-21 23:00:00,253.45,22.24,40.82,False
2025-03-22 00:00:00,221.18,20.84,63.71,False
2025-03-22 01:00:00,90.65,27.37,42.53,True
2025-03-22 02:00:00,277.73,21.3,61.56,True
2025-03-22 03:00:00,255.63,27.87,65.67,False
2025-03-22 04:00:00,287.45,23.08,47.35,True
2025-03-22 05:00:00,231.43,26.01,66.4,False
2025-03-22 06:00:00,203.35,19.15,45.09,True
2025-03-22 07:00:00,154.56,25.49,68.56,True
2025-03-22 08:00:00,283.18,23.42,33.57,False
2025-03-22 09:00:00,266.52,25.04,57.48,True
2025-03-22 10:00:00,61.3,20.02,49.75,True
2025-03-22 11:00:00,56.59,26.84,45.51,True
2025-03-22 12:00:00,144.12,28.35,55.31,False
2025-03-22 13:00:00,252.64,20.6,58.15,True
2025-03-22 14:00:00,296.82,19.15,30.17,True
2025-03-22 15:00:00,87.6,18.28,36.68,False
2025-03-22 16:00:00,198.53,25.7,58.52,True
2025-03-22 17:00:00,145.22,25.29,56.66,True
2025-03-22 18:00:00,292.48,24.56,68.64,True
2025-03-22 19:00:00,260.53,20.78,60.44,True
2025-03-22 20:00:00,259.58,22.69,68.03,True
2025-03-22 21:00:00,167.17,25.13,58.1,False
2025-03-22 22:00:00,153.7,23.96,41.92,False
2025-03-22 23:00:00,118.35,29.85,34.21,True
2025-03-23 00:00:00,64.09,19.64,61.27,True
2025-03-23 01:00:00,266.18,26.34,55.77,True
2025-03-23 02:00:00,253.23,22.85,31.93,False
2025-03-23 03:00:00,299.93,23.14,44.4,False
2025-03-23 04:00:00,299.16,26.61,68.27,True
2025-03-23 05:00:00,188.86,26.31,50.02,True
2025-03-23 06:00:00,242.25,29.9,47.31,False
2025-03-23 07:00:00,286.19,19.54,48.31,True
2025-03-23 08:00:00,262.41,19.25,38.36,False
2025-03-23 09:00:00,111.84,26.69,44.75,False
2025-03-23 10:00:00,162.64,24.94,44.79,True
2025-03-23 11:00:00,82.29,21.29,32.09,False
2025-03-23 12:00:00,288.51,18.95,60.7,True
2025-03-23 13:00:00,201.54,19.03,46.66,True
2025-03-23 14:00:00,107.16,28.73,62.89,True
2025-03-23 15:00:00,217.93,20.3,64.01,True
2025-03-23 16:00:00,204.53,21.88,38.48,True
2025-03-23 17:00:00,139.54,20.72,56.29,True
2025-03-23 18:00:00,78.39,22.26,48.89,False
2025-03-23 19:00:00,217.89,18.83,65.21,False
2025-03-23 20:00:00,180.08,24.23,38.63,False
2025-03-23 21:00:00,243.08,18.81,57.11,False
2025-03-23 22:00:00,180.04,27.6,54.31,True
2025-03-23 23:00:00,263.05,20.8,41.81,False
2025-03-24 00:00:00,187.98,24.48,35.46,False
2025-03-24 01:00:00,190.23,28.56,56.07,False
2025-03-24 02:00:00,269.16,25.81,59.54,True
2025-03-24 03:00:00,150.87,24.4,42.63,False
2025-03-24 04:00:00,83.5,21.89,55.79,True
2025-03-24 05:00:00,57.2,22.0,45.81,False
2025-03-24 06:00:00,238.78,26.03,58.53,True
2025-03-24 07:00:00,205.08,29.93,37.97,True
2025-03-24 08:00:00,226.02,25.94,65.61,False
2025-03-24 09:00:00,103.24,24.69,41.5,True
2025-03-24 10:00:00,84.09,26.77,44.71,True
2025-03-24 11:00:00,53.64,23.58,32.32,False
2025-03-24 12:00:00,137.65,18.72,34.46,False
2025-03-24 13:00:00,197.48,24.75,50.63,False
2025-03-24 14:00:00,148.06,29.49,40.7,True
2025-03-24 15:00:00,159.37,20.1,63.42,True
2025-03-24 16:00:00,276.04,26.28,30.59,True
2025-03-24 17:00:00,137.06,20.41,45.16,False
2025-03-24 18:00:00,178.5,24.43,43.49,True
2025-03-24 19:00:00,245.91,19.16,30.77,True
2025-03-24 20:00:00,149.14,23.4,34.97,True
2025-03-24 21:00:00,205.52,27.07,46.55,True
2025-03-24 22:00:00,265.59,22.17,49.71,True
2025-03-24 23:00:00,287.38,25.98,46.17,True
2025-03-25 00:00:00,86.77,27.55,51.24,True
2025-03-25 01:00:00,281.65,29.13,53.81,False
2025-03-25 02:00:00,173.03,20.82,30.4,False
2025-03-25 03:00:00,114.56,22.79,48.56,False
2025-03-25 04:00:00,164.78,19.83,68.54,True
2025-03-25 05:00:00,295.01,29.91,50.76,True
2025-03-25 06:00:00,173.15,29.12,57.1,False
2025-03-25 07:00:00,132.19,24.48,42.47,True
2025-03-25 08:00:00,208.35,28.1,60.96,False
2025-03-25 09:00:00,110.04,24.25,60.92,True
2025-03-25 10:00:00,68.97,25.48,50.85,True
2025-03-25 11:00:00,82.22,19.07,69.04,False
2025-03-25 12:00:00,82.01,27.06,35.02,False
2025-03-25 13:00:00,87.98,19.53,30.68,False
2025-03-25 14:00:00,84.71,27.91,60.81,False
2025-03-25 15:00:00,210.22,27.38,62.29,False
2025-03-25 16:00:00,95.47,26.5,34.81,True
2025-03-25 17:00:00,136.42,18.43,40.62,True
2025-03-25 18:00:00,274.2,21.64,30.7,True
2025-03-25 19:00:00,168.49,21.16,41.73,False
2025-03-25 20:00:00,216.89,22.32,60.93,False
2025-03-25 21:00:00,93.08,19.05,50.72,False
2025-03-25 22:00:00,98.07,29.24,43.92,False
2025-03-25 23:00:00,60.22,24.65,44.87,False
2025-03-26 00:00:00,92.23,21.67,30.05,False
2025-03-26 01:00:00,119.65,22.76,41.99,True
2025-03-26 02:00:00,94.25,23.37,55.86,True
2025-03-26 03:00:00,72.18,25.21,68.97,True
2025-03-26 04:00:00,80.16,24.19,63.88,True
2025-03-26 05:00:00,165.19,29.03,30.94,True
2025-03-26 06:00:00,101.58,23.96,65.94,False
2025-03-26 07:00:00,141.07,29.91,61.33,False
2025-03-26 08:00:00,175.85,28.22,61.22,False
2025-03-26 09:00:00,222.6,20.5,48.32,False
2025-03-26 10:00:00,59.83,29.17,45.92,False
2025-03-26 11:00:00,249.85,19.4,42.12,False
2025-03-26 12:00:00,206.98,27.81,32.63,True
2025-03-26 13:00:00,70.44,22.57,39.13,False
2025-03-26 14:00:00,268.39,28.54,39.86,False
2025-03-26 15:00:00,280.22,28.42,49.36,False
2025-03-26 16:00:00,65.27,27.67,59.9,False
2025-03-26 17:00:00,119.22,27.48,48.95,True
2025-03-26 18:00:00,251.55,21.66,32.31,True
2025-03-26 19:00:00,237.06,18.97,68.31,False
2025-03-26 20:00:00,96.13,22.84,67.71,True
2025-03-26 21:00:00,102.34,20.08,61.41,True
2025-03-26 22:00:00,142.62,26.34,69.65,False
2025-03-26 23:00:00,171.13,22.15,51.78,False
2025-03-27 00:00:00,204.56,29.71,68.51,False
2025-03-27 01:00:00,142.23,25.69,33.02,False
2025-03-27 02:00:00,165.63,27.87,44.63,False
2025-03-27 03:00:00,236.87,19.59,39.02,True
2025-03-27 04:00:00,59.17,28.34,37.83,False
2025-03-27 05:00:00,113.11,29.07,35.63,False
2025-03-27 06:00:00,228.34,23.84,54.9,False
2025-03-27 07:00:00,273.8,25.28,61.25,True
2025-03-27 08:00:00,177.92,27.18,53.13,False
2025-03-27 09:00:00,183.03,20.1,35.88,False
2025-03-27 10:00:00,76.79,24.03,62.44,False
2025-03-27 11:00:00,161.85,22.78,55.44,True
2025-03-27 12:00:00,183.15,19.76,45.53,False
2025-03-27 13:00:00,110.62,22.41,56.97,False
2025-03-27 14:00:00,117.31,18.82,40.4,False
2025-03-27 15:00:00,144.32,18.31,43.81,True
2025-03-27 16:00:00,55.02,19.62,66.7,False
2025-03-27 17:00:00,130.52,29.56,41.62,False
2025-03-27 18:00:00,102.86,24.59,48.8,False
2025-03-27 19:00:00,131.87,29.59,65.61,True
2025-03-27 20:00:00,79.94,23.19,58.31,False
2025-03-27 21:00:00,272.63,21.74,32.49,False
2025-03-27 22:00:00,198.4,24.07,35.89,False
2025-03-27 23:00:00,219.78,23.27,30.31,True
2025-03-28 00:00:00,247.29,19.27,55.24,True
2025-03-28 01:00:00,174.61,25.69,47.91,False
2025-03-28 02:00:00,71.73,20.59,35.37,True
2025-03-28 03:00:00,184.28,25.44,68.32,True
2025-03-28 04:00:00,196.71,25.8,51.19,True
2025-03-28 05:00:00,236.36,19.82,39.68,False
2025-03-28 06:00:00,157.91,18.74,50.02,False
2025-03-28 07:00:00,81.9,27.37,57.18,True
2025-03-28 08:00:00,120.94,23.52,33.05,True
2025-03-28 09:00:00,140.77,18.7,40.99,True
2025-03-28 10:00:00,211.48,29.94,62.28,False
2025-03-28 11:00:00,192.69,18.69,48.39,False
2025-03-28 12:00:00,139.02,26.34,51.86,True
2025-03-28 13:00:00,296.63,29.8,47.31,True
2025-03-28 14:00:00,201.44,20.87,31.76,True
2025-03-28 15:00:00,109.31,19.71,36.63,True
2025-03-28 16:00:00,75.45,19.46,47.82,False
2025-03-28 17:00:00,88.21,21.64,38.37,True
2025-03-28 18:00:00,111.49,19.21,32.0,False
2025-03-28 19:00:00,90.17,26.31,63.75,True
2025-03-28 20:00:00,96.64,18.75,69.25,True
2025-03-28 21:00:00,121.27,24.11,61.73,True
2025-03-28 22:00:00,93.34,29.96,64.15,True
2025-03-28 23:00:00,274.19,27.77,39.68,True
2025-03-29 00:00:00,70.06,25.38,68.43,False
2025-03-29 01:00:00,181.13,21.68,37.88,True
2025-03-29 02:00:00,152.6,25.49,68.06,True
2025-03-29 03:00:00,295.59,24.32,69.79,True
2025-03-29 04:00:00,78.01,23.11,58.47,False
2025-03-29 05:00:00,149.46,19.57,69.25,False
2025-03-29 06:00:00,292.37,28.64,52.78,False
2025-03-29 07:00:00,266.38,23.4,40.38,False
2025-03-29 08:00:00,254.27,20.34,47.48,True
2025-03-29 09:00:00,114.48,22.41,53.74,True
2025-03-29 10:00:00,92.72,22.97,32.92,True
2025-03-29 11:00:00,217.16,27.93,54.89,False
2025-03-29 12:00:00,282.34,26.8,69.25,True
2025-03-29 13:00:00,189.19,27.23,37.6,True
2025-03-29 14:00:00,192.9,18.13,61.7,False
2025-03-29 15:00:00,119.99,22.99,66.32,False
2025-03-29 16:00:00,242.37,23.78,67.75,False
2025-03-29 17:00:00,96.76,18.23,68.41,True
2025-03-29 18:00:00,130.92,21.12,50.86,True
2025-03-29 19:00:00,156.36,27.12,69.09,False
2025-03-29 20:00:00,176.9,19.65,60.29,True
2025-03-29 21:00:00,110.6,24.42,36.47,False
2025-03-29 22:00:00,78.71,20.58,49.08,False
2025-03-29 23:00:00,202.66,18.15,58.73,True
2025-03-30 00:00:00,122.16,20.89,39.89,False
2025-03-30 01:00:00,195.31,29.71,55.62,False
2025-03-30 02:00:00,88.59,27.62,56.66,False
2025-03-30 03:00:00,170.29,29.51,36.51,True
2025-03-30 04:00:00,183.15,23.85,52.6,False
2025-03-30 05:00:00,62.96,19.32,60.87,False
2025-03-30 06:00:00,134.15,24.58,49.96,False
2025-03-30 07:00:00,83.6,23.45,30.48,False
2025-03-30 08:00:00,65.84,28.13,30.36,False
2025-03-30 09:00:00,297.49,19.18,44.28,False
2025-03-30 10:00:00,130.59,23.86,67.05,False
2025-03-30 11:00:00,252.47,19.8,39.15,True
2025-03-30 12:00:00,113.66,21.9,55.37,True
2025-03-30 13:00:00,220.38,26.85,38.88,False
2025-03-30 14:00:00,240.06,23.71,42.87,True
2025-03-30 15:00:00,198.91,22.51,63.92,True
2025-03-30 16:00:00,167.89,22.73,59.15,False
2025-03-30 17:00:00,152.96,23.51,33.82,True
2025-03-30 18:00:00,137.22,27.42,47.15,False
2025-03-30 19:00:00,282.38,28.71,31.17,False
2025-03-30 20:00:00,257.65,29.46,49.24,False
2025-03-30 21:00:00,291.26,27.44,56.5,False
2025-03-30 22:00:00,81.07,21.78,34.74,False
2025-03-30 23:00:00,232.72,26.26,41.56,True
2025-03-31 00:00:00,284.59,23.25,45.91,False
2025-03-31 01:00:00,95.31,21.06,66.78,True
2025-03-31 02:00:00,66.62,28.09,69.73,False
2025-03-31 03:00:00,235.28,18.46,31.8,False
2025-03-31 04:00:00,193.62,28.82,60.44,False
2025-03-31 05:00:00,260.46,23.54,44.87,True
2025-03-31 06:00:00,84.94,25.65,45.7,False
2025-03-31 07:00:00,248.82,25.91,60.17,False
2025-03-31 08:00:00,100.41,28.74,66.74,False
2025-03-31 09:00:00,90.91,25.64,68.04,False
2025-03-31 10:00:00,91.07,25.37,53.08,True
2025-03-31 11:00:00,253.64,18.8,44.28,False
2025-03-31 12:00:00,216.3,24.22,61.5,True
2025-03-31 13:00:00,180.77,19.8,40.04,False
2025-03-31 14:00:00,139.71,26.85,52.56,True
2025-03-31 15:00:00,269.3,24.15,44.34,True
2025-03-31 16:00:00,148.11,26.16,56.27,False
2025-03-31 17:00:00,254.15,18.5,39.62,False
2025-03-31 18:00:00,159.78,19.02,37.66,True
2025-03-31 19:00:00,144.24,26.6,66.73,False
2025-03-31 20:00:00,165.67,18.87,34.07,False
2025-03-31 21:00:00,125.34,18.86,50.24,False
2025-03-31 22:00:00,236.9,18.15,38.83,True
2025-03-31 23:00:00,175.68,29.48,31.56,False
2025-04-01 00:00:00,108.05,26.85,31.44,False
2025-04-01 01:00:00,274.89,22.24,37.01,False
2025-04-01 02:00:00,145.97,21.56,64.67,True
2025-04-01 03:00:00,185.89,22.2,41.3,False
2025-04-01 04:00:00,276.62,27.3,68.02,True
2025-04-01 05:00:00,206.06,25.94,53.26,False
2025-04-01 06:00:00,79.22,20.22,47.46,True
2025-04-01 07:00:00,284.96,20.09,53.2,False
2025-04-01 08:00:00,206.93,19.18,50.67,False
2025-04-01 09:00:00,133.73,25.92,60.35,True
2025-04-01 10:00:00,84.82,27.17,41.3,True
2025-04-01 11:00:00,248.51,21.18,44.12,True
2025-04-01 12:00:00,205.02,18.25,65.76,False
2025-04-01 13:00:00,183.37,18.99,67.86,False
2025-04-01 14:00:00,273.47,29.61,65.7,False
2025-04-01 15:00:00,247.15,21.55,46.78,False
2025-04-01 16:00:00,87.92,27.23,61.21,True
2025-04-01 17:00:00,127.93,25.5,49.05,False
2025-04-01 18:00:00,112.12,22.58,49.9,False
2025-04-01 19:00:00,235.99,20.47,38.19,False
2025-04-01 20:00:00,58.38,19.46,53.65,False
2025-04-01 21:00:00,192.47,25.38,37.45,False
2025-04-01 22:00:00,240.61,27.3,43.26,False
2025-04-01 23:00:00,269.19,25.73,64.2,False
2025-04-02 00:00:00,135.52,24.36,38.28,True
2025-04-02 01:00:00,255.31,18.5,32.85,False
2025-04-02 02:00:00,77.66,29.62,32.76,False
2025-04-02 03:00:00,261.61,27.58,67.63,False
2025-04-02 04:00:00,81.87,21.51,50.28,False
2025-04-02 05:00:00,149.32,29.76,46.38,True
2025-04-02 06:00:00,249.32,25.22,62.44,True
2025-04-02 07:00:00,87.48,24.99,63.43,True
2025-04-02 08:00:00,107.31,26.98,43.29,True
2025-04-02 09:00:00,230.56,27.74,57.74,True
2025-04-02 10:00:00,230.01,25.88,60.84,True
2025-04-02 11:00:00,210.29,19.54,56.19,False
2025-04-02 12:00:00,223.49,22.06,36.06,True
2025-04-02 13:00:00,185.68,29.14,65.04,True
2025-04-02 14:00:00,112.95,20.7,51.56,False
2025-04-02 15:00:00,136.42,22.47,41.3,True
2025-04-02 16:00:00,95.4,23.18,47.01,False
2025-04-02 17:00:00,277.11,23.27,31.5,False
2025-04-02 18:00:00,195.85,25.36,35.11,True
2025-04-02 19:00:00,150.21,29.32,60.62,False
2025-04-02 20:00:00,165.5,20.89,30.0,True
2025-04-02 21:00:00,286.82,19.46,46.66,True
2025-04-02 22:00:00,88.34,20.37,50.9,False
2025-04-02 23:00:00,196.56,28.64,32.19,False
2025-04-03 00:00:00,176.47,25.75,68.92,True
2025-04-03 01:00:00,202.86,21.43,39.05,False
2025-04-03 02:00:00,54.53,27.79,42.17,False
2025-04-03 03:00:00,268.03,28.34,42.16,True
2025-04-03 04:00:00,283.03,28.16,39.22,True
2025-04-03 05:00:00,191.28,29.03,30.06,False
2025-04-03 06:00:00,224.16,21.03,59.17,True
2025-04-03 07:00:00,280.62,27.06,68.67,True
2025-04-03 08:00:00,226.81,23.53,38.97,True
2025-04-03 09:00:00,88.13,28.1,56.52,True
2025-04-03 10:00:00,194.07,26.74,59.68,True
2025-04-03 11:00:00,201.68,27.32,63.94,True
2025-04-03 12:00:00,156.03,25.87,46.91,True
2025-04-03 13:00:00,234.11,20.13,42.12,False
2025-04-03 14:00:00,283.59,24.54,43.01,True
2025-04-03 15:00:00,281.39,29.82,58.5,False
2025-04-03 16:00:00,162.71,29.25,62.67,False
2025-04-03 17:00:00,78.31,18.52,37.26,False
2025-04-03 18:00:00,296.21,19.98,44.84,True
2025-04-03 19:00:00,259.72,19.58,66.08,True
2025-04-03 20:00:00,81.17,26.71,62.27,False
2025-04-03 21:00:00,280.21,27.81,69.39,True
2025-04-03 22:00:00,267.47,20.56,60.17,False
2025-04-03 23:00:00,179.71,24.07,45.73,True
2025-04-04 00:00:00,197.82,28.09,53.63,True
2025-04-04 01:00:00,149.75,26.79,56.44,False
2025-04-04 02:00:00,63.69,24.51,33.14,False
2025-04-04 03:00:00,133.8,25.08,51.78,False
2025-04-04 04:00:00,250.71,24.1,58.37,True
2025-04-04 05:00:00,51.16,21.57,36.69,False
2025-04-04 06:00:00,133.37,24.78,61.23,True
2025-04-04 07:00:00,149.54,26.27,53.35,True
2025-04-04 08:00:00,184.35,28.48,68.09,True
2025-04-04 09:00:00,279.96,25.64,31.7,False
2025-04-04 10:00:00,136.59,27.13,40.61,False
2025-04-04 11:00:00,136.74,19.92,54.06,False
2025-04-04 12:00:00,234.38,23.54,41.86,True
2025-04-04 13:00:00,163.05,18.11,58.58,True
2025-04-04 14:00:00,106.15,20.96,60.36,False
2025-04-04 15:00:00,163.11,26.72,34.1,True
2025-04-04 16:00:00,85.21,29.9,50.55,True
2025-04-04 17:00:00,94.1,19.19,50.36,False
2025-04-04 18:00:00,174.59,22.82,44.77,False
2025-04-04 19:00:00,154.73,27.6,67.32,False
2025-04-04 20:00:00,278.71,20.45,63.1,True
2025-04-04 21:00:00,140.6,24.66,57.89,True
2025-04-04 22:00:00,195.15,26.8,58.57,True
2025-04-04 23:00:00,208.07,25.39,48.47,True
2025-04-05 00:00:00,53.27,20.26,66.84,True
2025-04-05 01:00:00,215.88,22.26,57.78,False
2025-04-05 02:00:00,94.51,27.41,59.16,True
2025-04-05 03:00:00,290.27,24.65,64.47,True
2025-04-05 04:00:00,87.17,18.06,40.96,True
2025-04-05 05:00:00,153.66,27.13,62.28,False
2025-04-05 06:00:00,71.34,18.42,37.81,False
2025-04-05 07:00:00,299.22,26.95,43.81,False
2025-04-05 08:00:00,175.55,20.43,43.42,True
2025-04-05 09:00:00,198.85,29.5,69.14,False
2025-04-05 10:00:00,66.77,22.42,64.26,False
2025-04-05 11:00:00,237.49,21.92,58.05,False
2025-04-05 12:00:00,102.48,19.79,59.08,True
2025-04-05 13:00:00,274.51,21.67,52.48,False
2025-04-05 14:00:00,101.28,28.52,67.88,True
2025-04-05 15:00:00,97.67,29.96,49.85,True
2025-04-05 16:00:00,59.14,22.42,45.22,False
2025-04-05 17:00:00,168.02,23.38,36.52,True
2025-04-05 18:00:00,191.21,26.66,61.45,False
2025-04-05 19:00:00,66.43,28.63,59.38,True
2025-04-05 20:00:00,243.88,25.12,45.37,False
2025-04-05 21:00:00,163.32,22.7,31.01,False
2025-04-05 22:00:00,181.1,22.95,63.56,False
2025-04-05 23:00:00,160.19,26.35,30.46,True
2025-04-06 00:00:00,150.19,18.04,58.15,False
2025-04-06 01:00:00,189.91,25.44,68.81,True
2025-04-06 02:00:00,88.81,22.27,47.51,False
2025-04-06 03:00:00,95.48,27.53,39.4,True
2025-04-06 04:00:00,265.45,19.12,58.19,True
2025-04-06 05:00:00,286.53,25.06,62.69,False
2025-04-06 06:00:00,143.33,23.77,51.86,False
2025-04-06 07:00:00,117.69,25.71,68.68,False
2025-04-06 08:00:00,211.0,18.78,32.07,False
2025-04-06 09:00:00,152.18,24.96,50.19,False
2025-04-06 10:00:00,56.35,24.74,58.74,True
2025-04-06 11:00:00,89.04,24.73,64.51,False
2025-04-06 12:00:00,228.99,25.24,37.17,False
2025-04-06 13:00:00,214.73,26.12,62.0,True
2025-04-06 14:00:00,56.77,27.66,52.11,False
2025-04-06 15:00:00,105.49,21.24,45.86,False
2025-04-06 16:00:00,107.77,27.9,35.27,True
2025-04-06 17:00:00,217.97,23.98,64.61,False
2025-04-06 18:00:00,54.93,18.92,36.29,False
2025-04-06 19:00:00,76.03,18.7,42.39,False
2025-04-06 20:00:00,249.98,22.01,41.6,True
2025-04-06 21:00:00,94.64,27.42,64.86,False
2025-04-06 22:00:00,213.19,26.49,56.91,True
2025-04-06 23:00:00,109.55,27.46,61.87,False
2025-04-07 00:00:00,74.86,24.21,40.02,True
2025-04-07 01:00:00,110.79,23.28,54.99,False
2025-04-07 02:00:00,230.57,19.77,52.87,True
2025-04-07 03:00:00,263.92,21.94,63.31,True
2025-04-07 04:00:00,257.55,23.21,66.24,True
2025-04-07 05:00:00,149.3,19.06,30.49,True
2025-04-07 06:00:00,217.02,20.65,56.96,True
2025-04-07 07:00:00,101.25,25.18,32.07,True
2025-04-07 08:00:00,123.29,26.83,51.95,False
2025-04-07 09:00:00,274.08,29.98,41.51,False
2025-04-07 10:00:00,53.25,29.2,42.27,True
2025-04-07 11:00:00,71.38,25.71,44.12,True
2025-04-07 12:00:00,101.97,23.05,54.85,True
2025-04-07 13:00:00,56.63,25.63,43.36,True
2025-04-07 14:00:00,95.36,27.43,59.31,False
2025-04-07 15:00:00,195.76,19.42,46.18,True
2025-04-07 16:00:00,155.36,22.92,32.73,False
2025-04-07 17:00:00,273.17,28.08,61.35,False
2025-04-07 18:00:00,254.36,22.61,41.43,True
2025-04-07 19:00:00,135.45,24.86,47.31,True
2025-04-07 20:00:00,114.86,25.05,57.42,False
2025-04-07 21:00:00,144.92,20.21,43.3,False
2025-04-07 22:00:00,197.57,22.35,32.26,True
2025-04-07 23:00:00,117.02,22.01,44.96,True
2025-04-08 00:00:00,206.04,18.31,67.78,True
2025-04-08 01:00:00,152.35,18.29,55.67,False
2025-04-08 02:00:00,188.01,27.98,56.86,False
2025-04-08 03:00:00,159.03,21.28,55.29,True
2025-04-08 04:00:00,123.62,24.22,37.96,False
2025-04-08 05:00:00,287.11,21.58,46.73,False
2025-04-08 06:00:00,240.9,29.29,60.04,True
2025-04-08 07:00:00,85.03,21.11,34.05,True
2025-04-08 08:00:00,267.12,23.16,41.11,False
2025-04-08 09:00:00,171.86,28.47,41.05,False
2025-04-08 10:00:00,273.64,28.1,47.28,True
2025-04-08 11:00:00,249.96,20.23,69.21,True
2025-04-08 12:00:00,156.3,27.63,32.7,True
2025-04-08 13:00:00,55.62,23.5,50.75,True
2025-04-08 14:00:00,117.17,23.8,37.17,True
2025-04-08 15:00:00,185.41,19.6,68.83,False
2025-04-08 16:00:00,208.37,18.97,34.53,False
2025-04-08 17:00:00,114.47,26.74,46.14,False
2025-04-08 18:00:00,84.84,23.96,59.52,False
2025-04-08 19:00:00,258.73,23.24,58.18,True
2025-04-08 20:00:00,296.1,26.75,46.91,True
2025-04-08 21:00:00,181.42,27.19,43.86,True
2025-04-08 22:00:00,92.92,19.91,45.9,False
2025-04-08 23:00:00,118.08,25.32,40.57,False
2025-04-09 00:00:00,54.6,19.62,38.21,False
2025-04-09 01:00:00,278.57,27.02,49.32,True
2025-04-09 02:00:00,79.44,25.88,40.74,False
2025-04-09 03:00:00,194.13,29.48,41.5,True
2025-04-09 04:00:00,118.51,18.83,56.27,True
2025-04-09 05:00:00,188.54,18.68,68.74,True
2025-04-09 06:00:00,212.86,21.39,54.15,True
2025-04-09 07:00:00,257.44,21.14,33.08,True
2025-04-09 08:00:00,101.61,20.96,33.02,True
2025-04-09 09:00:00,52.75,28.88,68.06,False
2025-04-09 10:00:00,84.22,20.99,41.89,True
2025-04-09 11:00:00,275.0,21.26,33.68,True
2025-04-09 12:00:00,268.47,27.11,53.96,False
2025-04-09 13:00:00,199.35,23.4,54.95,True
2025-04-09 14:00:00,200.13,27.32,55.94,False
2025-04-09 15:00:00,216.26,18.78,40.7,False
2025-04-09 16:00:00,93.84,23.85,30.6,False
2025-04-09 17:00:00,278.6,18.4,68.6,True
2025-04-09 18:00:00,154.69,18.75,40.04,True
2025-04-09 19:00:00,145.78,28.88,57.04,False
2025-04-09 20:00:00,179.73,19.67,58.27,True
2025-04-09 21:00:00,61.74,24.39,54.4,True
2025-04-09 22:00:00,91.57,22.93,42.52,False
2025-04-09 23:00:00,234.51,22.17,40.84,False
2025-04-10 00:00:00,70.7,28.8,53.91,True
2025-04-10 01:00:00,200.79,18.26,64.64,False
2025-04-10 02:00:00,111.34,25.97,67.87,False
2025-04-10 03:00:00,147.32,29.56,34.24,False
2025-04-10 04:00:00,122.17,24.72,36.19,True
2025-04-10 05:00:00,138.92,29.24,67.79,True
2025-04-10 06:00:00,229.76,18.63,59.46,True
2025-04-10 07:00:00,124.28,23.03,65.32,False
2025-04-10 08:00:00,191.6,21.12,38.11,True
2025-04-10 09:00:00,169.01,26.77,53.5,False
2025-04-10 10:00:00,215.92,29.78,58.05,True
2025-04-10 11:00:00,284.21,21.08,57.2,True
2025-04-10 12:00:00,233.14,25.85,46.33,False
2025-04-10 13:00:00,103.74,20.38,30.62,True
2025-04-10 14:00:00,57.8,24.78,53.32,False
2025-04-10 15:00:00,115.57,23.57,40.12,True
2025-04-10 16:00:00,198.77,29.66,48.01,True
2025-04-10 17:00:00,62.86,25.3,68.3,False
2025-04-10 18:00:00,174.09,22.19,45.96,False
2025-04-10 19:00:00,199.21,19.37,63.59,False
2025-04-10 20:00:00,133.56,19.81,37.54,True
2025-04-10 21:00:00,242.73,20.7,56.9,True
2025-04-10 22:00:00,76.65,21.01,69.08,True
2025-04-10 23:00:00,68.78,28.21,34.08,False
2025-04-11 00:00:00,232.05,24.73,30.33,False
2025-04-11 01:00:00,173.87,24.28,47.34,False
2025-04-11 02:00:00,222.1,19.38,33.71,True
2025-04-11 03:00:00,158.71,28.32,59.94,True
2025-04-11 04:00:00,111.6,26.67,66.58,False
2025-04-11 05:00:00,254.78,18.81,47.36,True
2025-04-11 06:00:00,249.85,26.49,40.35,False
2025-04-11 07:00:00,223.67,24.52,47.38,True
2025-04-11 08:00:00,118.04,18.98,58.94,True
2025-04-11 09:00:00,197.56,23.5,30.36,False
2025-04-11 10:00:00,140.24,23.82,53.58,True
2025-04-11 11:00:00,72.9,19.99,54.53,True
2025-04-11 12:00:00,279.33,29.35,55.51,False
2025-04-11 13:00:00,84.2,28.2,39.68,False
2025-04-11 14:00:00,287.56,26.03,58.56,True
2025-04-11 15:00:00,161.5,23.55,33.66,False
2025-04-11 16:00:00,96.28,22.94,37.97,True
2025-04-11 17:00:00,185.48,25.81,65.1,False
2025-04-11 18:00:00,268.24,24.55,59.55,True
2025-04-11 19:00:00,233.06,18.75,30.55,True
2025-04-11 20:00:00,251.64,24.15,39.94,False
2025-04-11 21:00:00,214.7,27.68,38.58,True
2025-04-11 22:00:00,223.07,23.51,40.83,True
2025-04-11 23:00:00,262.3,18.62,39.9,False
2025-04-12 00:00:00,112.42,27.44,32.5,False
2025-04-12 01:00:00,172.36,20.42,48.36,True
2025-04-12 02:00:00,105.3,21.1,59.31,False
2025-04-12 03:00:00,296.92,19.98,54.27,False
2025-04-12 04:00:00,286.01,21.96,56.91,True
2025-04-12 05:00:00,59.86,27.08,33.25,True
2025-04-12 06:00:00,226.39,24.23,68.06,False
2025-04-12 07:00:00,281.31,20.46,63.54,False
2025-04-12 08:00:00,95.14,28.53,62.2,False
2025-04-12 09:00:00,191.99,28.55,62.92,True
2025-04-12 10:00:00,278.87,28.45,67.31,True
2025-04-12 11:00:00,58.49,20.87,51.77,True
2025-04-12 12:00:00,224.36,23.41,38.01,True
2025-04-12 13:00:00,124.34,29.82,54.67,True
2025-04-12 14:00:00,281.1,27.26,59.72,True
2025-04-12 15:00:00,292.76,18.33,59.52,True
2025-04-12 16:00:00,286.07,18.78,50.86,False
2025-04-12 17:00:00,168.55,23.57,32.74,False
2025-04-12 18:00:00,265.51,28.91,44.84,True
2025-04-12 19:00:00,261.14,24.46,66.83,True
2025-04-12 20:00:00,129.78,23.97,53.38,True
2025-04-12 21:00:00,257.23,19.27,51.53,False
2025-04-12 22:00:00,59.25,25.88,40.75,True
2025-04-12 23:00:00,199.07,27.87,44.74,False
2025-04-13 00:00:00,107.5,22.57,65.81,False
2025-04-13 01:00:00,80.14,27.31,56.66,False
2025-04-13 02:00:00,69.24,29.57,61.5,False
2025-04-13 03:00:00,224.07,20.45,48.17,False
2025-04-13 04:00:00,134.97,24.28,55.21,True
2025-04-13 05:00:00,231.19,21.45,39.94,True
2025-04-13 06:00:00,66.34,27.51,58.22,False
2025-04-13 07:00:00,128.82,24.93,47.1,True
2025-04-13 08:00:00,184.87,25.61,47.7,False
2025-04-13 09:00:00,247.68,27.57,55.97,False
2025-04-13 10:00:00,129.69,22.75,67.45,True
2025-04-13 11:00:00,206.47,28.98,32.56,True
2025-04-13 12:00:00,271.49,24.4,62.99,True
2025-04-13 13:00:00,203.97,19.9,41.7,True
2025-04-13 14:00:00,108.24,26.35,47.76,True
2025-04-13 15:00:00,56.1,27.52,30.88,False
2025-04-13 16:00:00,267.52,21.8,42.04,True
2025-04-13 17:00:00,55.32,28.29,50.11,True
2025-04-13 18:00:00,268.68,28.87,32.25,True
2025-04-13 19:00:00,182.23,21.32,49.64,False
2025-04-13 20:00:00,284.77,29.8,67.08,True
2025-04-13 21:00:00,249.7,19.69,34.22,False
2025-04-13 22:00:00,299.48,20.42,60.58,True
2025-04-13 23:00:00,137.68,20.21,46.39,True
2025-04-14 00:00:00,241.8,28.73,56.21,False
